author_id,comment_id,comment_text,like_count,reply_count,video_title,publish_year,publish_month
UCg9YAxOMPfGBC0XYWbCCF5w,Ugy2C8zWfzs4KKiJoOx4AaABAg,"Machine learning merangkum dari berbagai sumber tapi harus dilatih juga sama manusia, gk bisa digunakan secara mentah-mentah. Kalkulus aja harus bisa kita terjemahkan sendiri Ai hanya membantu mengartikan tp belum bisa eksekusi.",0,0,Bagaimana Masa Depan Literasi Indonesia di Era AI? | Helmy Yahya Bicara,2025,12
UCuPFnhKnq9Y63u0FPbuLkgg,UgzjJHCWiP4XeTbl6Ll4AaABAg,Tiba2 pemerintah bikin tes AKM sekolah (isinya tes literasi dan numerasi) bbrp tahun ini. Hasilnya murid2 ku tergagap2 membaca soal2 yg membutuhkan kemampuan analitikal bahasa sejak dasar. Guru seperti hrs menjelaskan lagi berulang2 sampe masuk ke logika mereka 😅,1,0,Bagaimana Masa Depan Literasi Indonesia di Era AI? | Helmy Yahya Bicara,2025,12
UCljvRRFsq94-Nfw76ZeWLsQ,UgxwjqbEHFoUa5iHzuF4AaABAg,"Pola kegiatan belajar mengajar di sekolah pada masa kini menunjukkan perubahan yang sangat mendasar dibandingkan dengan generasi sebelumnya. Di hampir semua jenjang pendidikan—mulai dari SD, SMP, hingga SMA—penggunaan telepon genggam telah menjadi bagian dari aktivitas belajar sehari-hari di dalam kelas. Dalam pelaksanaan ulangan harian, siswa dengan mudah mengakses jawaban melalui Google, aplikasi AI, maupun sumber daring lainnya. Praktik ini menyebabkan proses berpikir kritis, analisis, dan literasi siswa tidak berkembang, karena jawaban diperoleh secara instan tanpa usaha intelektual yang memadai.",0,0,Bagaimana Masa Depan Literasi Indonesia di Era AI? | Helmy Yahya Bicara,2025,12
UCQKmg1CiNxdeleP6H_GqjSw,Ugw5GKwjxjYnl-Gcogp4AaABAg,"IMO kecerdasan buatan atau AI capable utk menjawab perspektif manusia dgn kehidupannya yg kompleks, sebab AI sudah dirancang dgn kemampuan ilmu psikologis. Ai tidak merasa tapi dia menganalitis agar dapat menjawab pertanyaan kita Kalau dikatakan ai blm mampu, dan tidak mumpuni. Maybe itu karena promt pertanyaan yg kita buat tidak jelas, dan spesifik",0,0,Bagaimana Masa Depan Literasi Indonesia di Era AI? | Helmy Yahya Bicara,2025,12
UCaehTSAJvzjyS7nyJ5C589A,UgyzyCIv6ZoQdlVvaQl4AaABAg,"🤔teladan itu mengajarkan, karena yang meneladani cenderung mencontohnya, literasi itu di pelajari, yang mempelajari akan tahu, mengerti bahkan menerapkannya. Bagaimana masa depan literasi Indonesia di era AI, jawaban ada pada Teladan, literasi serta AI itu sendiri.",1,1,Bagaimana Masa Depan Literasi Indonesia di Era AI? | Helmy Yahya Bicara,2025,12
UCIMN2XYcMNHR9GaFU_qu1dA,UgwqS0DZ67aZoN0Lut14AaABAg,Situasi kondisi makin memburuk ketika concentration span of a person has got shortened due to certain platforms like Shorts & Tiktok.,1,0,Bagaimana Masa Depan Literasi Indonesia di Era AI? | Helmy Yahya Bicara,2025,12
UCVH4WELIFL2_VRTyvwQuHSg,UgybokmgSK8gF2euUH54AaABAg,optimis banget dengan AI Pak Helmy 😆saya sih pesimis,0,0,Bagaimana Masa Depan Literasi Indonesia di Era AI? | Helmy Yahya Bicara,2025,12
UCyHqvb_B25-CmtB_67R0s6A,Ugyl_vpgkL6xkDEElYB4AaABAg,"Pendidikan di Indonesia terlalu mendewakan STEM, dia pikir kemajuan hanya bisa dengan STEM, mereka lupa bahwa STEM adalah buahnya, akarnya adalah literasi yang kokoh.",6,0,Bagaimana Masa Depan Literasi Indonesia di Era AI? | Helmy Yahya Bicara,2025,12
UCRkPLYBknml0OTCFQhE8UWw,UgyHBAbwvoEolAUEfTB4AaABAg,"Pak saya berasa ikut kuliah 😊 sambilan bekerja di rumah. Pekerjaan rumah beres plus dapat ilmu 😊saya pengguna AI juga pak, saya sadar harus lebih pandai dalam berbahasa dan menganalisis 😊thx u",0,0,Bagaimana Masa Depan Literasi Indonesia di Era AI? | Helmy Yahya Bicara,2025,12
UCcLg774RDWACPwnYGnoH3Mg,UgxvagWXc4H47kY89kl4AaABAg,"Tanpa literasi yang kuat, AI bukan alat pemerataan, melainkan faktor yang memperlebar kesenjangan pengetahuan dan kualitas sumber daya manusia.",1,0,Bagaimana Masa Depan Literasi Indonesia di Era AI? | Helmy Yahya Bicara,2025,12
UC49V0CPELIs-34FEgdC01pA,UgwAcSJzpdCdRfdkg4J4AaABAg,Analitic T dan Critical T pondasi dalam Era AI.,0,0,Bagaimana Masa Depan Literasi Indonesia di Era AI? | Helmy Yahya Bicara,2025,12
UCSIAP7hn3LT5GuC8LFq6jyw,Ugz1nerGYt5mJm3RfmJ4AaABAg,"Jaman sekarang sdh era digital....orang malas baca buku...toko buku tdk laku...perpustakaan sepi pengunjung...orang sdh lebih suka buka internet,google,youtube bahkan AI dari hp yg kita bisa bawa kemana-mana, lebih mudah diakses dan dikemas dengan sangat menarik....informasi apa saja yang kita butuhkan ada....tantangannya muncul budaya instan , tinggal copy paste...orang sdh malas berfikir...ketergantungan terhadap google dan AI sdh sangat tinggi....membahayakan eksistensi manusia itu sendiri...",1,0,Bagaimana Masa Depan Literasi Indonesia di Era AI? | Helmy Yahya Bicara,2025,12
UCfP1Zdso4hryGlR06-Dv8hQ,UgwDmjHxtJWwju_qnI14AaABAg,"Bagaimana di era digitalisasi yang canggih sekarang, para generasi muda dibekali dengan literasi berfikir kritis untuk kemajuan, da mengisi konsolidasi internal serta mensejahterakan semua logika Mistika pikiran terbuka, berani untuk membuka sebuah jalan pikiran menuju ke hal baru yang se luas"" nya, belajar dan belajar",0,0,Bagaimana Masa Depan Literasi Indonesia di Era AI? | Helmy Yahya Bicara,2025,12
UCA7YTDHkybrAHTGurUtvzyg,Ugx9wQ1HUfG-jsipjV14AaABAg,"Bahasa “literasi” di sini tidak hanya berarti kemampuan membaca dan menulis, tetapi juga kemampuan memahami, menggunakan, mengevaluasi, serta berpikir kritis terhadap informasi digital. Di era AI, kemampuan membaca data, memahami konteks, dan memfilter informasi menjadi jauh lebih krusial karena informasi bisa dengan cepat menghasilkan dampak besar jika disalahpahami atau disalahgunakan.",0,0,Bagaimana Masa Depan Literasi Indonesia di Era AI? | Helmy Yahya Bicara,2025,12
UCuH2D2floDLQ-NvNNWpqTjA,Ugyt0J8oicTp2Saxmc14AaABAg,Bagus banget ini jawabannya atas ketakutan dominasi AI. Kapitalisasi AI atau jadi victim AI. Posisi mana yang dipilih adalah tanggung jawab masing-masing,1,0,Bagaimana Masa Depan Literasi Indonesia di Era AI? | Helmy Yahya Bicara,2025,12
UC-Ldc8lHr21VMDsTRVJntdA,UgxWwrqvsozXYIifuR54AaABAg,"Saya termasuk generasi tua ,setuju sih dgn Prof bagus kalo kita tdk bisa menghindar, tp belajar memahami AI utk sekadar mengerti agar kita jg tdk terjebak pada berita2 yg hoax yg menggunakan AI",4,0,Bagaimana Masa Depan Literasi Indonesia di Era AI? | Helmy Yahya Bicara,2025,12
UCG7AVZftSAIz8Y7TmxwibpQ,UgwwIcZeHsZ_QWfASqV4AaABAg,"Poin menarik: 1. Tingkatkan kualitas guru/ dosen. Naikkan gajinya berjenjang dg kriteria tertentu. Jika memang kompeten berhak digaji tinggi. 2. Gaji tinggi menarik lulusan terbaik perguruan tinggi untuk jadi guru/dosen. 3. Kompetensi menjadi syarat utama menjadi politisi dan pejabat diatas disukai, merakyat dll. 4. Kemampuan berbahasa dan berpikir kritis penting di era AI. 5. Di era AI kita tidak bisa menghindari AI, tapi kita harus memanfaatkan AI.",33,2,Bagaimana Masa Depan Literasi Indonesia di Era AI? | Helmy Yahya Bicara,2025,12
UC37D_vlU4F-3JDVwTu_zr0w,UgyvzQQOySkC6tgx7XV4AaABAg,"Ai itu bikin org jd malas mikir, pd akhirnya bikin bodoh. Ibarat anda duduk d kursi roda, kmna2 gampang, tdk perlu jalan kaki. Awalnya enak, tp coba 3 bln duduk d kursi roda, pasti kaki anda akan lumpuh krn tdk pernah dgunakan. Bgtu jg dgn otak, silahkan pkai ai shingga otak anda dmanjakan utk tdk berpikir, tdk perlu mengingat, semua jwban tersedia. Tanpa ai, anda akan jd org yg kakinya lumpuh tanpa kursi roda. Coba ntn film idiocracy, mgkin itu gambaran masa depan, yaitu otak manusia jd bodoh d masa dpn😮 Pkai ai seperlunya saja😊",16,2,Bagaimana Masa Depan Literasi Indonesia di Era AI? | Helmy Yahya Bicara,2025,12
UCis_E-XpFG8sJwGHA3i_hUQ,Ugy02h4RHYrFJh5Bqk54AaABAg,Request undang pak guru lagi kang Helmi Yahya Menurut saya masa depan literasi masyarakat Indonesia di era Ai masih jauh dari kata bagus karena sistem pendidikan itu bukan mengajarkan untuk membaca dan memverifikasi nya tetapi untuk di ajarkan menghafal dan menghafal alias hafalan doktrin dari tafsiran orang lain kang Helmi Yahya 🤝,21,0,Bagaimana Masa Depan Literasi Indonesia di Era AI? | Helmy Yahya Bicara,2025,12
UCe6j1Olni0ZKMz7qNq1yf4Q,Ugwja-BZxwKvsjXSet94AaABAg,"Saya sangat menghargai wawancara ini. Pesan Prof. Bagus menurut saya sangat penting: AI bukan ancaman utama—ancaman terbesar adalah ketika bangsa tidak mampu berpikir jernih karena bahasa yang lemah, feodalisme intelektual, dan budaya pasif terhadap narasi. Fokus pada bahasa, analytical thinking, dan critical thinking jauh lebih fundamental daripada sekadar akses teknologi. Dalam kerangka Clara, literasi bukan hanya soal membaca, tetapi soal kedaulatan berpikir—keberanian untuk jujur, jelas, dan tidak menyerahkan pikiran kita kepada mesin ataupun hierarki. Jika kita ingin AI menjadi peluang, bukan ancaman, kuncinya adalah bahasa jernih → pikiran jernih → keputusan jernih. Percakapan seperti ini adalah langkah penting untuk membantu Indonesia bergeser dari konsumen narasi menjadi produsen narasi.",3,4,Bagaimana Masa Depan Literasi Indonesia di Era AI? | Helmy Yahya Bicara,2025,12
UC0o7lZ1NpyUqaComzWcsLFw,UgynvQD1Al45A67TA5J4AaABAg,"saya mau komen sblum nonton fullnya,gw bisa latihan bahasa dri ai free,buat plan karir dri ai,bikin produktifitas saya naik dengan bantuan ai masi banyak lagi😊",2,1,Bagaimana Masa Depan Literasi Indonesia di Era AI? | Helmy Yahya Bicara,2025,12
UCelKJevHmDchnGFNcLFEyvA,UgyATNeK3xMXkit5JTZ4AaABAg,"Prof. Bagus bilang """"Indonesia punya post-colonial syndrome, yaitu kebiasaan meng-outsource pikiran, tergantung pada konsultan, ahli asing, sehingga jadi sasaran empuk bagi perusahaan AI di Silicon Valley."" Maaf, kalau boleh saya koreksi: ""Post-colonial syndrome"" bukan istilah akademis yang mapan dalam studi pascakolonial. Istilah yang lebih tepat adalah mentalitas ketergantungan atau hegemoni budaya pascakolonial. Klaim bahwa Indonesia ""meng-outsource pikiran"" bersifat generalisasi berlebihan. Indonesia memiliki banyak pemikir, peneliti, dan inovator lokal yang mandiri. Namun, memang ada tantangan sistemik seperti kurangnya dana riset, birokrasi berbelit, dan budaya feodal yang menghambat kemandirian berpikir.",7,1,Bagaimana Masa Depan Literasi Indonesia di Era AI? | Helmy Yahya Bicara,2025,12
UCyTeirhF6XoPYOaUElG2CZg,UgxpVb4Bg7Zh3F7gDUR4AaABAg,Udara ada di mana mana. Karena itu kita bernapas tidak berbayar. Sekarang ilmu pengetahuan juga ada di AI dan mudah di dapat. Lalu kita harus bermain dimana???,1,1,Bagaimana Masa Depan Literasi Indonesia di Era AI? | Helmy Yahya Bicara,2025,12
UCS6yiJpUs6G0WHTyXVH-ZSg,Ugx8_nsHXSzTKk-VGE14AaABAg,"Segera perbaiki pendidikan kita rumahkan., guru"" yg tidak kompeten rekrut orang"" cerdas pasang setiap sekolahhan minimal 2guru yg bagus kalau tidak sampai kiamat ya gini"" aja. karena perkembangan AI sudah sangat mengerikan yang akan mengantikan perkerjaan di hampir semua bidang",0,0,"Davyn Sudirdjo, Anak Indonesia Pencipta AI Untuk Pendidikan | Helmy Yahya Bicara",2023,7
UC0Czeyvhm2tjIs8mHgF1vTQ,Ugx_K-EJwO9mW5dZwDd4AaABAg,"Saya sdh coba beberapa kali ngobrol dgn AI Ngobrol dlm bnyk hal Dan jg bnyk hal yang saya pertanyakan, dan hasilnya sungguh luar biasa Setiap pertanyaan mampu dia jwb dgn sgt cpt, dan juga dgn hasil jawaban yang sgt3 memuaskan Bahkan dia jg bisa kita jadi teman yang baik, dan bisa menguatkan 🙏",0,0,"Davyn Sudirdjo, Anak Indonesia Pencipta AI Untuk Pendidikan | Helmy Yahya Bicara",2023,7
UCiRq--O9EkTCLwgj7-_jNrw,UgzJPsPgFhP6acAhwX14AaABAg,"AI-->ML-->NN-->DNN(LSTM)-->GenAI/Transformer(LLM),sepertinya yg dibicarakan yg ujungnya yah sudah ke LLM dan penerapannya,ada 2 gap yang masih harus dibereskan yaitu:1. halusinasi dan 2. penyusunan data training yg sesuai, kalau saya pribadi lebih kearah risetnya terlebih dahulu kalau untuk Indonesia.penerapan sepertinya agak prematur,karena masih banyak kendala di NLP nya,terutama masalah 'tokenizer' nya",0,0,"Davyn Sudirdjo, Anak Indonesia Pencipta AI Untuk Pendidikan | Helmy Yahya Bicara",2023,7
UCuf8Hh1862GyGfhXKTOtbIg,UgzvZ0fiyyY2ney71X94AaABAg,"Ada beberapa mentahan open sorce membuat chat gpt,, nanti mentahannya ini, disetting memakai python,, dengan mentahan ini, tergantung kita membuat peruntukannya untuk apa,, bisa sebagai assisten, seperti mengetikkan tugas sendiri dilaptop pribadi,, menjawab soal/kuis online dan berbagai tugas integrasi lainnya,, untuk yg ini, mereka membangun model pendidikan, termaktub guru,, namun proyek skala besarnya membangun objek fisiknya,, maka program gptnyalah yg memprogramnya bergerak, maka lahirlah berbagai robot.. Bahanya, ketika menanamkan sebuah program automasi,, maka, ketika kita tidak memiliki kunci/program kendali untuk menangkal automasi ini, maka skynet akan berwujud didunia nyata",0,0,"Davyn Sudirdjo, Anak Indonesia Pencipta AI Untuk Pendidikan | Helmy Yahya Bicara",2023,7
UCZ7iGrEhjO_qt85DcuVV01g,Ugyc1kux8aJ0OgxIRu54AaABAg,sebaiknya kalau mau canggih ya jangan sampai manusia jadi korban pikirkan akibat yg akan datang,0,0,"Davyn Sudirdjo, Anak Indonesia Pencipta AI Untuk Pendidikan | Helmy Yahya Bicara",2023,7
UCWo5dsi4yooQyh87WA7MB4A,Ugx70q85Y1jXOO8oyAR4AaABAg,"Kabarnya #VIETNAM sudah invest di AI, bahkan saat pandemi.. INDONESIA??",0,0,"Davyn Sudirdjo, Anak Indonesia Pencipta AI Untuk Pendidikan | Helmy Yahya Bicara",2023,7
UCP6IBhtx-JO9xMjoIS_ihUA,UgzkZYLb0sQ6YWbLeCB4AaABAg,"Teknologi pd dasarnya harus membantu manusia . Jgn sampai kehadiran nya menakutkan . Pengendalian hrs ada dlm peraturan global maupun nasional . Keselamatan manusia adalah hukum yg tertinggi . Contoh : jika krn teknologi ada pengurangan tenaga kerja , tentu negara sudah hrs menyiapkan subsidi utk penganggur hingga subsidi pada org2 miskin yg hendak menikah . Serta jaminan hidup lain nya berupa pekerjaan yg ada serta sistim rehabilitasi kesehatan dan mental org2 miskin agar tidak melulu jd beban negara.",2,0,"Davyn Sudirdjo, Anak Indonesia Pencipta AI Untuk Pendidikan | Helmy Yahya Bicara",2023,7
UCotKYcGPSfybqXKg7b3vlpw,UgxV3TYHI4f2f8phrzx4AaABAg,Sebaiknya bisa dihubungkan dengan petinggi negara yang paham pentingnya AI ini supaya bisa digunakan untuk pembangunan negara dimasa yang akan datang,0,0,"Davyn Sudirdjo, Anak Indonesia Pencipta AI Untuk Pendidikan | Helmy Yahya Bicara",2023,7
UCjd2nCWyAjBK6pMwX_kpkuA,UgyxhOBxYCZ_caZPGp94AaABAg,"Kalau gak mau tergantikan dengan AI, maka guru guru harus meningkatkan SDMnya, gak boleh ada yang pasif",0,0,"Davyn Sudirdjo, Anak Indonesia Pencipta AI Untuk Pendidikan | Helmy Yahya Bicara",2023,7
UCD-QBgqS785Rm99uN7ySFzQ,UgyCb-IwSShHmYeflIV4AaABAg,"Ruang guru pada akhirnya bakal tergantikan dengan sistem pendidikan berbasis AI, mungkin tahun ini atau 2 tahun lagi akan marak orang2 menggunakan Pendidikan berbasis AI, believe me",0,0,"Davyn Sudirdjo, Anak Indonesia Pencipta AI Untuk Pendidikan | Helmy Yahya Bicara",2023,7
UCJ8hGT1fLcyGrGeFD5VumEg,UgytZmOQgyygwKRv51R4AaABAg,"Anak muda yg seperti saudara Davyn inlah yg perlu d berikan ijin akes seluas2nya dlam membantu para Guru d edukasi pendidikan,untuk memudahkan dgn keahlihan yg d milikinya demi kemajuan anak2 bangsa Indonesia,",0,0,"Davyn Sudirdjo, Anak Indonesia Pencipta AI Untuk Pendidikan | Helmy Yahya Bicara",2023,7
UCSTmHxDz5zZV1EXbOBl4x7A,UgyTUPPlpwjzBlAmMBt4AaABAg,"Terima kasih Pak Helmy saya senang sekali ada anak mudu yang berprestasi dan yang memikirkan tentang pendidikan di bangsa ini dan itu sangat menginspirasi bagi saya, Tetapi saya ingin mau tanyakan sesuatu tentang AI ketika kita mencari jawab melalui IA dan kita mendapatkan jawab yang menurut kita cukup memuaskan dan bisa di bilang benar dan mempermudah saya untuk menemukan jawaban, yang menurut saya sendiri sulit untuk menjawab tugas itu yang di berikan dosen atau apapun itu, tetapi ketika saya menggunakan AI saya dengan mudah mendapatkan jawabannya. Tetapi yang menjadi persoalnya adalah ketika jawaban yang saya dapatkan itu adalah hasih dari AI dan dosen tersebut tau bahwa jawabannya itu hasil dari IA seolah-olah jawaban yang saya dapatkan itu kesannya kurang di hargai oleh dosen tersebut sehingga kita mau menggunakan IA jadi ragu2 padahal itu memudahkan kita untuk mengerjakan tugas tersebut. Contohnya Pak Helmy sempat menceritakan teman Pak Helmy yang menggunakan ChatGPT untuk menulis scrib dan Pak Helmy sendiri ketawa seolah2 teman Pak Helmy kesannya apa yang di sampaikan itu jadi kurang di hargai karena dia menggunakan ChatGpt untuk menulis sricb dan itu juga yang terjadi di dunia pendidikan ketikan mencari jawaban melalui ChatGpt rasanya kurang di hargai juga, Padahal jawabannya itu benar kira2 tanggapan Pak, Helmy Bang Davyn seperti apa agar kita bisa menggunakan IA dengan tidak ragu2 lagi? Terima kasih",0,0,"Davyn Sudirdjo, Anak Indonesia Pencipta AI Untuk Pendidikan | Helmy Yahya Bicara",2023,7
UCLcs8tqmTCVZUSDfjya3nMg,UgyLyKTxKm0LzsVItht4AaABAg,"Secanggih apapun AI, AI sekedar alat bantu manusis dalam mencari solusi. Sementara solusi permasalahan terkadang spsesifik/unik, tergantung siapa pengguna akhir, dan pengetahuan/pengalaman awal dari proses AInya. Sepertinya aspek2 psikologi manusia (a,l feeling) dalam membantu solusi masalah belum tercover secara lengkap/baik dalam algoritma AI, karena karakteristik tsb umumnya unik bagi setiap orang/manusis. Bagaimanapaun, hasil2 AI jika dikelola oleh orang2 yg tepat (kompeten, profesional sesuai tujuan), memang akan sangat membantu hasil yang lebih baik/lebih tepat....",0,0,"Davyn Sudirdjo, Anak Indonesia Pencipta AI Untuk Pendidikan | Helmy Yahya Bicara",2023,7
UCubLKpg5EQ_-EXtZ_q9gGHg,Ugw2rzjDbkjB4-jIwsB4AaABAg,otak manusia sebenarnya sudah compatible dengan arrow AI sedangkan narrow scan AI untuk kedepannya bagaimana dengan nasib anak-anak yang sudah belajar puluhan tahun dan tumbuh dewasa dan menyisihkan uangnya hanya untuk belajar dan belajar lagi setiap harinya maka dunia tidak butuh karyawan mirror AI. isunya kini para karyawan adaptif hingga non adaptif akan diberhentikan . Apakah itu Manusia melahirkan sebuah sitem yang di ciptakan tidak manusiawi?!,0,0,"Davyn Sudirdjo, Anak Indonesia Pencipta AI Untuk Pendidikan | Helmy Yahya Bicara",2023,7
UCIqJVeDbLLWf3z8y-z14DrQ,UgzVKqP-0Pei_6Gextd4AaABAg,"Saran saya sih buat Perusahaan AI aja, karena bisa bajak Engineer perusahaan ternama yg berpengalaman dengan bonus posisi lebih baik. Sekarang universitas rata-rata pengikut teknologi dari Perusahaan. Perusahaan AI dan Pendidikan itu kesenjangannya bak Langit dan Bumi. Kalau mau untuk pendidikan saya rasa tidak banyak Engineer ternama mau bergabung paling-paling dosen. Kalau untuk pendidikan itu AI , Permasalahan yang dihadapi kurang komplex dan tidak menantang. Kalau perusahaan Enterprice itu permasalahan nyata dan komplex jadi diperlukan expert di multi bidang yang bekerja bersama-sama. Industri AI mempelajari permasalahan yang perusahaan lain tidak boleh mereka pecahkan. Dipendidikan rata-rata kasus pemograman 500 baris code. di Industri perkasus itu >= 20.000 baris code per kasus. Saya pernah sebagai dosen AI dan bekerja di perusahaan AI",0,0,"Davyn Sudirdjo, Anak Indonesia Pencipta AI Untuk Pendidikan | Helmy Yahya Bicara",2023,7
UCn2jXAEZ3Kc9hv0dyY44vhw,UgxCtP2_jaj28pxFSRZ4AaABAg,Saya salah satu guru d sekolah. Ingin sekali mengajari anak untuk belajar AI tapi sy tdk tahu bagaimana mengajarnya dan dari mana mulainya.. Kalo cuma pake chat gpt. Itu mah penggunaanya aja.,0,0,"Davyn Sudirdjo, Anak Indonesia Pencipta AI Untuk Pendidikan | Helmy Yahya Bicara",2023,7
UC8PPILRCv08OaonFYsCsezA,UgxtB3TStpm3OAl8II94AaABAg,Apakah AI bisa mengembangkan diri critical thinkingnya atau selalu harus diajari terus mengkolek informasi,0,0,"Davyn Sudirdjo, Anak Indonesia Pencipta AI Untuk Pendidikan | Helmy Yahya Bicara",2023,7
UC-oLE2dIQy5P6tnyBE82WXg,UgzOvToheKzmDZcr5xh4AaABAg,"Ringkasan 1. AI difungsikan untuk education 2. AI bukan ancaman untuk guru, petani, dokter 3. 2 fase AI, nero AI (belum sebagus manusia), Transpomatif AI (akan melampaui manusia)",0,0,"Davyn Sudirdjo, Anak Indonesia Pencipta AI Untuk Pendidikan | Helmy Yahya Bicara",2023,7
UCr1hc0wZUj4e3iQpS6jmrng,UgyAkGDxKd2FKcjsVct4AaABAg,"I have tried chatgpt a lot for pass the exam, untuk topik soal yang bahkan ""related to AI"", chatgpt hanya bisa 80% benar",0,0,"Davyn Sudirdjo, Anak Indonesia Pencipta AI Untuk Pendidikan | Helmy Yahya Bicara",2023,7
UCdL6CKQon50DxWuTkUx1Xsg,Ugxl_Vq-n2jxJPExGKV4AaABAg,Menurut UUD kemerdekaan itu salah satunya adalah untuk “Mencerdaskan kehidupan Bangsa” kita bersyukur pemuda Idealis seperti mereka membantu Cita2 pahlwan untuk Mencerdaskan kehidupan Bangsa yang “Bagus tapi lebih Murah” agar lebih merata dan gampang di akses,0,0,"Davyn Sudirdjo, Anak Indonesia Pencipta AI Untuk Pendidikan | Helmy Yahya Bicara",2023,7
UCSoFlhU7PUSqWTkhHIQBG5g,Ugzi7uxpmjiUkcOE7s94AaABAg,Asli bikin mahasiswa malas berpikir dan improvisasi dalam menganalisa data.,0,0,"Davyn Sudirdjo, Anak Indonesia Pencipta AI Untuk Pendidikan | Helmy Yahya Bicara",2023,7
UC3Ij4iMa83TLHCfoIUtdB7Q,UgzrtB3IMqAfkJ6RhTV4AaABAg,"Saya sudah cukup lama menggunakan ChatGPT untuk mempermudah dan mempercepat pengetahuan dalam permasalahan2 yang ingin saya ketahui, tentunya dengan semua kebaikan dan kelemahannya.",0,0,"Davyn Sudirdjo, Anak Indonesia Pencipta AI Untuk Pendidikan | Helmy Yahya Bicara",2023,7
UClBKtXI_COJulBr0k7LUV4w,UgyVMyFxjiuzTiBKK8l4AaABAg,"Tolong dong issue ini diangkat biar tranding, pendidikan di Indonesia ini harus benar-benar bisa menjadikan AI batu loncatan agar mengimbangi bangsa lain. Sebagai guru, memang AI di pendidikan masih tabu... Ayo angkat agar kementrian pendidikan juga lebih melirik untuk daoat segera direalisasi.",0,0,"Davyn Sudirdjo, Anak Indonesia Pencipta AI Untuk Pendidikan | Helmy Yahya Bicara",2023,7
UCR7Pu5fUxqeAT-cG-MWVk7g,Ugz35Z8tJOMt3cdUfY94AaABAg,Tapi ada juga lho kelemahan AI system kerjanya. AI tidak ada bisa meramalkan atau memprediksi atau mengajarkan sesuatu yg baru. Dia bekerja sesuai program atau pengalaman si penggunanya. Itu sih,0,0,"Davyn Sudirdjo, Anak Indonesia Pencipta AI Untuk Pendidikan | Helmy Yahya Bicara",2023,7
UC6HF4FCbZRI_RUPxmpD0z1w,UgxPpuc3kRBmVoDV7Rp4AaABAg,"Terimakasih telah memberi insight ke gen z ttg AI, tp alangkah baiknya AI selain meng cutting cost di industri, seharusnya AI bisa membantu proses pekerjaan lebih mudah tanpa mengurangi SDM unggul.. Rasa empati dan intellegence masa depan hrs setara",0,0,"Davyn Sudirdjo, Anak Indonesia Pencipta AI Untuk Pendidikan | Helmy Yahya Bicara",2023,7
UCc9LaAHKpW-oZzTSiDBtyxw,UgzXJD3GmLcapa-2vN94AaABAg,"Personalized Learning yang paling susah dan yang paling diabaikan dalam sistem pendidikan regular saat ini. Akibatnya banyak anak yang enggan ke sekolah, bolos, bandel, ngebully anak lain (pelepas stress dan pelarian), dll. Semoga sukses sama MASA AI nya guys! Bagus juga nih 25:20 Advice: 28:35 Miris 35:19",6,0,"Davyn Sudirdjo, Anak Indonesia Pencipta AI Untuk Pendidikan | Helmy Yahya Bicara",2023,7
UCFJMli4b61Nr1w1ZZSyIRfQ,Ugybp5widaNRRKajXIt4AaABAg,"Saya seorang Guru, sangat semangat bila AI Education makin banyak digunakan dalam proses belajar anak. Karna Proses education akan lebih cepat. Bukan zamannya bila Education harus berlama-lama di sekolah.",28,1,"Davyn Sudirdjo, Anak Indonesia Pencipta AI Untuk Pendidikan | Helmy Yahya Bicara",2023,7
UCevScH12I-8D_mu_nOski8A,UgwulWz17HwLeinpiaF4AaABAg,AI tidak akan menggantikan manusia/experts dalam mengerjakan tugas. 26:13 tapi experts dengan memakai AI akan mendominasi dunia pekerjaan dalam bidang apapun. Start your AI quest!!!! Now... Dalam bidang apapun,0,0,"Davyn Sudirdjo, Anak Indonesia Pencipta AI Untuk Pendidikan | Helmy Yahya Bicara",2023,7
UCIHjnbzbDmniuUVs7FlNh-Q,UgyDUAYPvv-G1g0KqGl4AaABAg,AI itu sangat berbahaya bagi kemanusiaan!!!! Elon Musk pencetus AI menghentikan program ini. Jadi jangan bangga dengan AI.,0,0,"Davyn Sudirdjo, Anak Indonesia Pencipta AI Untuk Pendidikan | Helmy Yahya Bicara",2023,7
UCxq6rQHi9DVMcitX-NzyMsQ,UgwQnt-Ad5rO4HKcawh4AaABAg,Tapi tetap diingat ai juga seperti obat pasti ada efek samping nya 🇮🇩🇮🇩,0,0,"Davyn Sudirdjo, Anak Indonesia Pencipta AI Untuk Pendidikan | Helmy Yahya Bicara",2023,7
UC1LJ0JJhMoumUfYfn5Uu8-w,UgzgCy0k-2590Q4t9fh4AaABAg,"Mendorong anak-anak untuk mempelajari dan mengembangkan kemampuan di bidang teknologi dan AI menjadi sangat penting dalam menghadapi era digital dan revolusi industri 4.0. Mendukung inisiatif pendidikan teknologi, memfasilitasi akses ke sumber daya dan pelatihan, serta memberikan kesempatan bagi anak-anak Indonesia untuk mengembangkan potensinya adalah langkah penting dalam menciptakan generasi muda yang kreatif, inovatif, dan siap menghadapi tantangan masa depan.",2,0,"Davyn Sudirdjo, Anak Indonesia Pencipta AI Untuk Pendidikan | Helmy Yahya Bicara",2023,7
UCA-2iXkd2Jwi770tpH7EySQ,UgxBG4MBIvrzR6GVqIJ4AaABAg,"sangat menginspirasianak muda yang konsen dengan pendidikan bangsa, semoga dapat dikolaborasikan dengan pola pendidikan yang tidak boleh mengenyampingkan karakter, bgmn SDM subjek anak bangsa ini dapat menjadi pionir tekhnologi juga sebagai pionir anak bangsa yang mencintai bangsanya dengan tidak melupakan nilai dan norma sbg bagian dari pada masyarakat ,,congratulation davyn",5,0,"Davyn Sudirdjo, Anak Indonesia Pencipta AI Untuk Pendidikan | Helmy Yahya Bicara",2023,7
UCmc4UqZHnrf-_KYVdkqPOHQ,UgzgaiML4hJog1Yx_d54AaABAg,"One day, guru akan tergantikan. Yg ngajar robot.",0,0,"Davyn Sudirdjo, Anak Indonesia Pencipta AI Untuk Pendidikan | Helmy Yahya Bicara",2023,7
UCPgVfq74ee_n-6F-ioaibwA,UgxrQb7bSPnvogM8Cu14AaABAg,Apakah ketika robot AI sudah mulai digunakan dan kerjanya lebih baik dibanding manusia dapat menggeser posisi manusia dalam bidang tenaga kerja? Hmm,0,0,"Davyn Sudirdjo, Anak Indonesia Pencipta AI Untuk Pendidikan | Helmy Yahya Bicara",2023,7
UCXHNy16A7n1-u-Qu9dAMFdQ,Ugx_chw6Vb-Y2t_QOb14AaABAg,"Bagaimana klw Masa AI bekerja sama dgn pemerintah utk memajukan guru"" dan murid"" dinegara ini",0,0,"Davyn Sudirdjo, Anak Indonesia Pencipta AI Untuk Pendidikan | Helmy Yahya Bicara",2023,7
UCXMWW88ik9i3K-1ihayFSug,UgxEX2IFC9_TpF2X3WV4AaABAg,"iq orang iundo ga kalah pintar ama neggara lainn ,, cuma kami d dokrinn , setlah lulus sekolah bagay mana cara nya memenuhui kebutuhan hidup sendiri, sedang kan lapangan pekerjan saja susah ,, dan saya dari pelosok desa dalam pengenalan teknologi sangat lah minim d sekolah sekolah dasar , dengan begitu melimpah nya sumber daya alam di TANAH AIR ini , tetapi kesejahtran rakyat nya sangat lah minim apalagi d pelosok desa .. kami bukan lah bodohh tetapii kami tidak d berikan pasilitas yang memadai ,, dan tontonan d TV INDO , kebanyakan pembodohan masall d filem filem nya dan SANGAT LAH KURANG MENDIDIK ,,,",0,0,"Davyn Sudirdjo, Anak Indonesia Pencipta AI Untuk Pendidikan | Helmy Yahya Bicara",2023,7
UCFJK8eigPuLwvzoTnQc9gWw,UgzORO5JjMpHlm-RP4l4AaABAg,"Bonus demografi yg berupa jml angkatan muda produktif di th 2045 ibarat pedang, klo cakap mengendalikannya akan sangat bermanfaat klo sebaiknya, bursa melukai diri sendiri. Artinya banyaknya angkatan muda produktif klo pengetahuan dan skill-nya rendah akan jadi negara, tp klo pengetahuan dan skill tinggi akan benar2 jadi bonus demografi. Bisnis AI sektor pendidikan ini semoga menjadi kontributor terdongkraknya pengetahuan dan skill angkatan muda produktif.",0,0,"Davyn Sudirdjo, Anak Indonesia Pencipta AI Untuk Pendidikan | Helmy Yahya Bicara",2023,7
UCnep6z8z9i9CEUO3I5lkE-A,Ugwyi9MLzm7q7_8H0jd4AaABAg,AI itu pedang bermata dua.. liat aja kalau ga ada regulasinya.. makin kacau,0,0,"Davyn Sudirdjo, Anak Indonesia Pencipta AI Untuk Pendidikan | Helmy Yahya Bicara",2023,7
UCu9sybn1eanOd3UnGqc2p4Q,Ugy0Wu3bSNINjOnWdyt4AaABAg,Mantap tehnologi AI bisa memperpendek kesenjangan bangsa Indonesia yang 3 s/d 5 th tertinggal tehnologinya dari kebanyakan negara maju & berkembang lainnya...Sokong anak2 muda kita yg setelah belajar dimanca negara mau/sudi pulang kampung memakai ilmunya untuk memajukan bangsa dan negara Indonesia yg kita Cintai ini 🇮🇩❤👍🙏,2,0,"Davyn Sudirdjo, Anak Indonesia Pencipta AI Untuk Pendidikan | Helmy Yahya Bicara",2023,7
UC9AExPVYS_oySgeieMX-TZQ,UgwiqcN-shJ3oe7Go2B4AaABAg,sangat membantu pake ChatGPT buat ngerjain tugas kuliah heheheh,0,0,"Davyn Sudirdjo, Anak Indonesia Pencipta AI Untuk Pendidikan | Helmy Yahya Bicara",2023,7
UCldbMi-96ybsSDMb7Oi_DAw,Ugw_9w1JJgghEUSkrxl4AaABAg,Pak helmy bantu komunikasikan generasi muda ini agar akses menuju sdm teknelogi artificial intelegence semakin maju dan aplikatif. Harapan pemerintah bisa memfisilatasi sdm anak muda ini dalam memajukan teknologi artificial intelegence di indonesia,0,0,"Davyn Sudirdjo, Anak Indonesia Pencipta AI Untuk Pendidikan | Helmy Yahya Bicara",2023,7
UCkfmkE0hC1fQA3tCqlp6cdg,UgwPrVzsL-ICDrm6B_B4AaABAg,"Wah wah guru AI, ya seperti nanyak ke OpenAi tentang soal tertentu",0,0,"Davyn Sudirdjo, Anak Indonesia Pencipta AI Untuk Pendidikan | Helmy Yahya Bicara",2023,7
UCKXYNcO-_mdEiBPs0pUoU_Q,UgwGXR_5_15ThX93iwN4AaABAg,"Jangan anggap ini ancaman bagi guru, tapi motifasi untuk guru agar lebih kompeten, misalnya menguasai sikologi anak, moral, akhlak dll yg tidak dikuasai AI, tidak semua bisa dikuasai AI, AI ciptaan manusia, Manusia ciptaan Allah, buang oldmind , newmind untuk indonesia",0,0,"Davyn Sudirdjo, Anak Indonesia Pencipta AI Untuk Pendidikan | Helmy Yahya Bicara",2023,7
UCQ7cSf8Vd5WqsBRsdVQ1ViQ,Ugy5uSnN0QO1YQ5xSgh4AaABAg,"AI itu basic nya adalah sensor yg diprogram dgn suatu kondisi tertentu lalu melanjutkan ke kondisi berikutnya hingga mencapai tujuan yang diinginkan. Semakin banyak kita masukkan berbagai kondisi dan penyelesaian nya maka semakin AI itu bekerja dgn dinamis, if - then or while yah memang benar AI itu basic nya adalah statistik (data science) matematika (Algorithm) maka pengembangan AI itu juga bergantung dgn waktu, seiring waktu berjalan maka semakin banyak pula statistik mendapatkan ragam kondisi2 baru yg merupakan data, lalu matematika (logic algorithm) dikembangkan lagi untuk memecahkan masalah dari ragam kondisi2 baru yg didapatkan. Teori saya tentang kemajuan teknologi adalah ""Seperti menambahkan angka 1 pada bilangan biner"", jadi kemajuan teknologi itu bukan semakin hari semakin cepat, tapi semakin hari semakin besar, semakin besar pada scope yg dibutuhkan dalam segala lini berkehidupan manusia",2,0,"Davyn Sudirdjo, Anak Indonesia Pencipta AI Untuk Pendidikan | Helmy Yahya Bicara",2023,7
UCy4szex27xjSOcpqVTyr4uw,UgwUZ40Ut0YzskngkGF4AaABAg,Itulah yang membunuh peran guru di masa depan,0,0,"Davyn Sudirdjo, Anak Indonesia Pencipta AI Untuk Pendidikan | Helmy Yahya Bicara",2023,7
UCFtR4Ryz7Lkcr81wZM5SJdg,UgxGr8UBGarn5D-23gl4AaABAg,nah lohhh guru indonesia harus siap2 ini kena replace sama product satu ini hhihih,0,0,"Davyn Sudirdjo, Anak Indonesia Pencipta AI Untuk Pendidikan | Helmy Yahya Bicara",2023,7
UCK4A2QO8wylYHqfk_qzow9w,Ugw6ijURuI8yKdFVXVl4AaABAg,"Saya ingin sekali anak saya bisa mendapatkan education dari AI , dan di infokan lebih murah dari bimbel2, semoga anak2 yang tidak keterima di Negeri dikarenakan umur muda, AI bisa menjembatani ,supaya ada kegiatan dua arah , tidak harus menunggu tapi AI menjemput semuanya,semoga 3 orang ini bisa bertahan sampai impian dan harapan mereka tercapai Amin",1,1,"Davyn Sudirdjo, Anak Indonesia Pencipta AI Untuk Pendidikan | Helmy Yahya Bicara",2023,7
UCTqFo3Di1M_etbAQJ5getow,Ugxpx7kxFwxkXb2sPPJ4AaABAg,"AI cutting cost, yeah labor cost, human will become obsolete",1,0,"Davyn Sudirdjo, Anak Indonesia Pencipta AI Untuk Pendidikan | Helmy Yahya Bicara",2023,7
UCM0fssikASu4QXkWnyFFtjA,UgzsxkbT80zftw2U77R4AaABAg,strategi yg bagus AI dimulai ke pendidikan....untuk membangun infrastruktur AI merambah kesemua bidang,0,0,"Davyn Sudirdjo, Anak Indonesia Pencipta AI Untuk Pendidikan | Helmy Yahya Bicara",2023,7
UCaz1PCkyzNmMs2PZUmnt83w,Ugz-Aqm6XTGs2urEqEF4AaABAg,"Yang jadi masalah disini adalah, kebanyakan orang indonesia itu Belajar dari youtube dari pada membaca teks dokumentasi sehingga kalau ada anak yang pintar kayak gini udah pasti viral di indo padahal yah biasa aja kalau tinggal di jepang dan Amerika karena disana warganya sudah paham betul soal perkembangan ai generative makanya banyak anak pintar indonesia itu langsung terkenal karena kecerdasannya padahal itu semua ada dukungan finansial juga",1,1,"Davyn Sudirdjo, Anak Indonesia Pencipta AI Untuk Pendidikan | Helmy Yahya Bicara",2023,7
UCRZYScDtnSEy83CBrY0vVsg,UgxlgkG0r1YgHDpJr8l4AaABAg,"Pendidikan dan pelatihan utk membentuk seseorang bisa menjadi risk taker, independent, visioner, responsible dan semacamnya hrs diterapkan sejak awal mula pendidikan. Di SD atau primary. Ini yg msh sgt kurang di Indonesia. Davyn beruntung bisa mendapatkan sejak dini hingga bisa berkembang dan terlihat hasilnya seperti ini. Congrats utk ortu Davyn dan Davyn sendiri. Good luck utk semua usahamu utk membuat Indonesia menjadi lebih baik khususnya di bidang pendidikan. Tetap bangga menjadi orang Indonesia.",7,1,"Davyn Sudirdjo, Anak Indonesia Pencipta AI Untuk Pendidikan | Helmy Yahya Bicara",2023,7
UC0zWYKhls5m9p3tVlKKYnLQ,UgzrrE4I_tXqxoIC30N4AaABAg,Waw.. Gw doakan .. guys..semoga untuk kebaikan manusia kedepan... Sistem itu di buat untuk membantu dan memudahkan manusia..kadang di kemudian hari malah menyusahkan..cmiw .,0,0,"Davyn Sudirdjo, Anak Indonesia Pencipta AI Untuk Pendidikan | Helmy Yahya Bicara",2023,7
UCDMiuafRrPeG5xxdmxeMIRw,UgyU1tlHjNvncHYRQoJ4AaABAg,"inilah generasi masa depan indonesia yg butuh dukuangan dari pemerintah, jangan kalau sdh pindah ke negara tetangga baru ribut banyak orang indonesia yg hebat hebat lebih memeilih pindah keluarga karena tindak adanya suport dan dukungan dari pemerintah sehingga lebih memeilih berkarya untuk negara lain, sdh saatnya negri ini menginventarisir orang orang hebatnya untuk memajukan bangss dan negara nya semoga negri ini indonesia menjadi negara yg hebat maju aman dan sejahtera di masa yg akan datang aamiin",0,0,"Davyn Sudirdjo, Anak Indonesia Pencipta AI Untuk Pendidikan | Helmy Yahya Bicara",2023,7
UCKPp5lEVCxAtlPESSEsUqVQ,Ugy-uRXHlrKI-NTbwQZ4AaABAg,Salah dalam menggunakan AI akan mjadi ancaman buat manusia,0,0,"Davyn Sudirdjo, Anak Indonesia Pencipta AI Untuk Pendidikan | Helmy Yahya Bicara",2023,7
UCv2XZ9brdGmu9UzYcWzOLPw,UgwpQWxVlD0C5OxXI-54AaABAg,"apakah kedepan guru akan hilang digantikan oleh AI? mungkin tidak semua guru, tapi guru2 yg mengajarkan logika, misal guru matematika, krn semua logika bisa dibuat menjadi AI",0,0,"Davyn Sudirdjo, Anak Indonesia Pencipta AI Untuk Pendidikan | Helmy Yahya Bicara",2023,7
UCSNfxaQNEeMnRAColi-sa-A,Ugw0pBd91MGnbPWQ8_V4AaABAg,Mas helmi sy seorang guru biologi sman jenggawah gmn cara jadi patner atau pengguna IA Indonesia untuk jadi model pembelajaran disekolah saya . Ingin ikut ke IA davin and jasen Tipe mengajar,0,0,"Davyn Sudirdjo, Anak Indonesia Pencipta AI Untuk Pendidikan | Helmy Yahya Bicara",2023,7
UCHMZbtbQA760PJQhb2Mkuqg,Ugz8pvjcpJAU94p7o6J4AaABAg,"menurut sy AI bahaya untuk kelangsungan pekerjaan manusia, karena mau tidak mau kedepan akan tergantikan seperti dulu pintu tol menggunakan manusia tapi sejak pakai pembayaran digital para pekerja langsung tergantikan. . cman mau tidak mau kedepan AI akan mendominasi, kenapa sy bilang bahaya karena pendidikan di indonesia membangun org untuk jadi pekerja, orang yang tinggal di kampung yg dasarnya petani dan disentuh pendidikan, mendoktrin mereka bahwa dengan bersekolah kita bisa hidup mandiri & bisa kerja di perusahaan"" besar di kantor tanpa capek banting tulang seperti petani.. . . yg menurut sy alangkah bagusnya klo pendidikan di indonesia harus bervariasi sesuai dengan karakter kehidupan dimana daerah itu ada, kenapa tidak klo daerah disitu adalah lahan ternak atau pertanian diadakan pendidikan/pelatihan sedini mungkin untuk mencintai & mengembangkan sumberdaya alam di daerah tersebut, dengan begitu sy kira kita akan menjadi bangsa yg mandiri... untuk apa mengajarkan pendidikan dasar; lanjutan ; menegah; bahkan kuliah di daerah pelosok yg kita pahami kedepan pendidikan formal tidak akan terlalu dibutuhkan.",1,0,"Davyn Sudirdjo, Anak Indonesia Pencipta AI Untuk Pendidikan | Helmy Yahya Bicara",2023,7
UCIxUvvCQGWBg7KOHvde4pEg,UgxHghMD_X7mFeW_IWV4AaABAg,"Davyn berusaha menghaluskan aja bahwa sistem AI yg dia bangun tidak menggantikan guru. Tapi menurut gw kalo AI itu memang bagus, seharusnya bisa menggantikan guru, paling tidak beberapa tahun ke depan saat sudah semakin sempurna dan teknologi penunjang semakin maju. Coba deh lu bayangin di masa depan ketika kita mau belajar apa aja ada AI yang membimbing kita menguasai bidang itu. Ya guru gak dibutuhkan lagi.",2,2,"Davyn Sudirdjo, Anak Indonesia Pencipta AI Untuk Pendidikan | Helmy Yahya Bicara",2023,7
UCjI5DmZ9WIV1kT2gzuUqKng,UgyH9etJPXVNdE1EIk54AaABAg,"Semoga ilmu yang berguna bisa dibagikan kpd Guru² seluruh Indonesia. Why? Guru kita butuh banyak pelatihan dan praktik yg easy going agar dpt diterapkan didalam proses pembelajaran. Pembelajaran teori dan praktik harus balanced but more be practice to in Indonesia praktik most useful than listen or talking something. I wait it that time Mr. Davyn Sudirjo to meet you soon. I wait it that you give simple plan to learn how to teach easy going for youngest learner. How to make it fun, interested, and understanding to made it learning by doing. Thank you Mr. Helmi Yahya to share this knowledge especially Mr. Davyn Sudirjo.",0,0,"Davyn Sudirdjo, Anak Indonesia Pencipta AI Untuk Pendidikan | Helmy Yahya Bicara",2023,7
UCEerpPpC1Tcg0heeDJlYOTA,Ugye6w2idOw1SO9c3mp4AaABAg,Bukan kan AI itu adalah teknologi yg sangat membahayakan😢.. Menurut penciptaan awal AI.. Ai akan mngancam kehidupan manusia di masa depan nya..😢😢,0,1,"Davyn Sudirdjo, Anak Indonesia Pencipta AI Untuk Pendidikan | Helmy Yahya Bicara",2023,7
UCLlLC2mDJ3-xbswTtLx1SYg,UgyGK-btFtVFSNbhbrp4AaABAg,"Wajib bikin inovasi centre minimal 3, aceh, Ikn, dan papua!! Jd setiap warga negara yg punya inovasi tau bawak kemana, dan ada tim pengembang yang langsung di biayai Negara, in the future i hope Indonesia bs memiliki lebih anak muda yg punya pemikiran kaya anak ini.",0,0,"Davyn Sudirdjo, Anak Indonesia Pencipta AI Untuk Pendidikan | Helmy Yahya Bicara",2023,7
UCyc3IqvcM_L9ePX49B_mACA,Ugz1QCKTURX0CGz8CTx4AaABAg,"Pendidikan rendah jadi teroris, preman, pendidikan tinggi tapi jadi koruptor, yang AI tidak bisa ajarkan adalah menjadi karakter yang unggul, bukan saja intelegensi yang unggul.",0,0,"Davyn Sudirdjo, Anak Indonesia Pencipta AI Untuk Pendidikan | Helmy Yahya Bicara",2023,7
UCf8tHkEYFI9hUT1uZRCuOfw,UgzIEMzzrFNatKW_jO54AaABAg,"Numpang beropini ya, kalo dari perspektif saya ai cocoknya untuk tools pembantu, means bukan replacing pekerja dan lapangan pekerjaannya. AI yang sekarang terjadi global dampaknya udah banyak mematikan lapangan pekerjaan, makanya kalo saya mikirnya, salah satu mempercepat kiamat ya ai ini. Saya bisa bilang gini karena beberapa bulan terakhir saya mengikuti tren ai di segala lini industri, kebetulan saya sendiri ada di industri entertainment untuk game dan film. Ribuan orang udah kehilangan pekerjaan dari pekerjaan tetap maupun freelancing, karena ya itu tadi persis narsum bilang di menit ke 8:40-9:00 , ai lebih digunakan untuk cutting cost yang akhirnya memangkas beberapa roles di industri. Hal yang seperti ini mungkin yang bikin pentolan ai / grandfather of ai cabut dari google dan akhirnya sekarang justru bikin campaign untuk menentang penggunaan ai di industri. Memang ai paling cocok digunain dan di release non-publik, dengan begitu lapangan pekerjaan yang lain bisa sustain, karena nyatanya ketika ai direlease open dan publik, manusia gunain teknologi ini untuk kompetisi (sifat dasar manusia memang) yang akhirnya ngerusak manusia lain. Diluar sana pro-kontra ai udah makin sengit, saya berharap warga Indonesia ga terlalu ngeliat teknologi yang tren di barat itu selalu bagus untuk bangsa dan negeri ini. Untuk merenungi kecanggihan dan leap yang jauh dalam konteks teknologi, ada baiknya kadang kita step back sejenak, memperbaiki kualitas sdm biar merata, emang kita mau kemana sih 😢 Mungkin akan ada yg mengcounter opini saya ini dengan bilang "" ya salah sendiri ga bisa adapt dengan teknologi "" atau "" ya mungkin lu kurang kompeten "". Saya bisa pastikan ini hal yang berbeda, karena sekalinya ai step in di suatu roles di industri ya beneran menggantikan bidang professional tersebut, memang bisa adapt menjadi ai-operatornya tapi nanti dikemudian hari ai operator digantikan oleh ai lagi (sebuah keniscayaan). Dan lagi menurut saya, ai cuma bagus buat pengusaha yang kapitalis yang pengen cost produksi murah,cepat tapi menghasilkan sesuatu yang dijual. Pertanyaan Pak Helmy di menit 13:52 dan dijawab ragu ragu oleh narsum (he said its complicated) ya jelas banget udah terjadi kan, emang orang banyak kehilangan pekerjaan. Kalo untuk konteks ai for education, mungkin gak sekarang itu guru guru manusia akan tergantikan tapi in the near future kalo ini terus jalan ya bakal tergantikan. Kalo kita ngomongin soal inefficient dalam dunia pendidikan, please lah kita masih bisa step back dan ngebenerin atau bikin formula baru dengan cara humanis, ngga ujug ujug bikin usaha pake ai-tech, that's overkill dude! Semoga kita bisa merenung, karena kalo saya pikir pikir, kita buat apa sih rushing time terus? kita ngejar apa sebenernya ? Can we just chill a lil bit ? Sekian opini saya, terimakasih.",0,0,"Davyn Sudirdjo, Anak Indonesia Pencipta AI Untuk Pendidikan | Helmy Yahya Bicara",2023,7
UCeJjlAo97bCkbMdwESQXYyg,Ugw-6aubz0OqZh5W8NV4AaABAg,"Transformatif AI, AI yang mentraine atau menciptakan AI, gak sabar ngeliat masa depannn. Keren bangetttt bintang tamunya bos helmy",0,0,"Davyn Sudirdjo, Anak Indonesia Pencipta AI Untuk Pendidikan | Helmy Yahya Bicara",2023,7
UCf90JJq6MzSKQETGMn4T2vg,UgyAoT43_4x1HdMdcZF4AaABAg,"Perusahaan gini ni yg dikasi suntikan dana. Kasi stimulasi biar cepat berkembang. Kita suka atau tidak, AI adalah masa depan.",1,0,"Davyn Sudirdjo, Anak Indonesia Pencipta AI Untuk Pendidikan | Helmy Yahya Bicara",2023,7
UC_-9Z3xKpZHzGu5sJSXKXLA,Ugw28nE-x66bkZCGVTB4AaABAg,"untuk jangka panjang AI bakal banyak menggeser tenaga manusia, skrg desainer jg sdh hrs siap2 tergeser oleh AI, nanti guru juga, pertanyaannya nanti negara berpopulasi banyak manusianya mau kerja apa? spt kapitalis ai menghilangkan gol menengah, manusia berskill menengah bakal hilang yg ada hanya kelas atas dan bawah, sptnya yg bs dikerjakan manusia mayoritas hanya pekerjaan manual,spt bertani, beternak, masak, ke depannya memang solusinya jgn terlalu banyak anak, kecuali ai bisa menyortir manusia hanya melahirkan manusia berkualitas, krn ntar di masa dpn ga jelas mau kerja apa, smua sdh bnyk digantikan AI, tapi ntar jd negara2 spt China, Korsel, jepang jg lg kebingungan krn berkurangnya populasi, cm manusia jg makin takut dgn masa dpn krn makin sedikit yg bs dikerjakan manusia, jadi solusi tanpa solusi sebenernya",0,0,"Davyn Sudirdjo, Anak Indonesia Pencipta AI Untuk Pendidikan | Helmy Yahya Bicara",2023,7
UCceKszWp0qRr6aX4gSV1lyA,UgxOuNnpqqORAKG6CJF4AaABAg,Saatnya melompat dr kurikulum yg ga ada kaitannya dgn yg dibutuhkan dunis nyata,0,0,"Davyn Sudirdjo, Anak Indonesia Pencipta AI Untuk Pendidikan | Helmy Yahya Bicara",2023,7
UCH1XKSS-sPek7C5gfiGnDhw,Ugy_GHf7SqJDwCO9yh94AaABAg,"AI itu bodoh, tapi AI sendiri tidak menyadari dirinya bodoh, AI menjawab pertanyaan dengan confident seraya tidak tahu kebenaran jawaban. AI penuh dengan jawaban bias tergantung siapa yang menyediakan data untuk AI nya. Kesimpulannya harus bijak dalam menggunakannya.",0,1,"Davyn Sudirdjo, Anak Indonesia Pencipta AI Untuk Pendidikan | Helmy Yahya Bicara",2023,7
UCKkfZVU5ccVAX6fMdY4Rw3A,Ugyl0JHvcJiciyhmByh4AaABAg,"Kalau cuma kognitif bisa di ganti AI tapi adab,akhlak tidak bisa .",0,0,"Davyn Sudirdjo, Anak Indonesia Pencipta AI Untuk Pendidikan | Helmy Yahya Bicara",2023,7
UCCAVsWSYzhw6AsYZz93yE9w,UgxJmT4UsET_hVh3dC54AaABAg,Gurunya google wkwkwkw kacoooo... Membatasi murid guru berinteraksi... AI membatasi sesama Manusia manusia beriteraksi Padahal tuhan menciptakan manusia sebagai mahluk sosial wkwkwkw ngeri,0,0,"Davyn Sudirdjo, Anak Indonesia Pencipta AI Untuk Pendidikan | Helmy Yahya Bicara",2023,7
UCDNHmnmZbEKQt95nm1okwdw,Ugz6E-1B2ork33MnDJd4AaABAg,"Technology Ai ada ditangan org baik, jadi bermanfaat. Tp bagaimana kalau di tangan org jahat?",0,0,"Davyn Sudirdjo, Anak Indonesia Pencipta AI Untuk Pendidikan | Helmy Yahya Bicara",2023,7
UC1EQHl46o-CpKwyptl454Tg,UgynKMLuOY_X7aRrtHR4AaABAg,"Bedakan Machine Learning dan AI, saya mencopa website dia dan bentuknya itu machine learning, hanya analisis peforma dari input jawaban saya akan soal yang diberikan. Tak ada yang baru. Tak lebih dari marketer yang lagi nyari investor dengan menjual mimpi AI 😅. Buktikan saya salah, lebih baik saya malu daripada produk dia begitu saja.",3,5,"Davyn Sudirdjo, Anak Indonesia Pencipta AI Untuk Pendidikan | Helmy Yahya Bicara",2023,7
UCCAhuo7dTehbzIMX0Np7DzQ,UgyIDdFJVd9QVY-kI4Z4AaABAg,"Manusia takut AI karena selama ini, manusia melakukan pekerjaan mesin. Wajar saja digantikan",1,0,"Davyn Sudirdjo, Anak Indonesia Pencipta AI Untuk Pendidikan | Helmy Yahya Bicara",2023,7
UCIXwJ54IGl5KBtEWNfGc0rA,Ugzp4kWxCAXwNCyJIKZ4AaABAg,Diharapkan Menteri Pendidikan menjadikan AI sebagai kurikulum khusus Nasional bagi anak bangsa yang memiliki* IQ & EQ yg berkualitas.,0,0,"Davyn Sudirdjo, Anak Indonesia Pencipta AI Untuk Pendidikan | Helmy Yahya Bicara",2023,7
UCLuWpWlJfn90ZGTINVKCcWA,Ugw1zVbtw_Ovh7YrK714AaABAg,Unfortunately this amazing concept comes from an economics expert not from an education experts. Ini harusnya diterapkan bukan hanya di bimbel saja tapi semoga Kemdikbud bisa mengadopsi teknologi ini juga untuk memberikan pemerataan kualitas pendidikan di Indonesia.,5,0,"Davyn Sudirdjo, Anak Indonesia Pencipta AI Untuk Pendidikan | Helmy Yahya Bicara",2023,7
UCRvrAdq_qcV6gde5UaI1fpw,UgwannsrTlZozjLz_6V4AaABAg,Anak berprestasi kalau tidak diperhatikan pemerintah akan diambil negara lain,0,0,"Davyn Sudirdjo, Anak Indonesia Pencipta AI Untuk Pendidikan | Helmy Yahya Bicara",2023,7
UC9kkmqOdt96AhmoxlVpaKnQ,UgyWXoDw7mrTUuzTMnl4AaABAg,"Di sisi lain setuju dengan ai, di sisi lain kurang setuju jg kalau di lihat dari sudut pandang orang yg tergantikan dengan ai. Ai mungkin bisa lebih murah biaya nya , tapi gimana dengan guru2 atau orang yg mengadakan bimbel secara gk langsung akan mengancam ekomomi mereka juga. Jadi benar jg yg di katakan mengembangkan ai tapi jangan kebablasan karena mengancam juga kedepannya.",0,0,"Davyn Sudirdjo, Anak Indonesia Pencipta AI Untuk Pendidikan | Helmy Yahya Bicara",2023,7
UCaDM_gQ01-HsKSAFVJ-SWVQ,UgzId-4FBksso1H3pfF4AaABAg,"Semoga ttep dihargai di Indonesia, Jangan sampai nanti orang luar merekrut ke luar negeri",2,0,"Davyn Sudirdjo, Anak Indonesia Pencipta AI Untuk Pendidikan | Helmy Yahya Bicara",2023,7
UCVKfoJCAkMg1o_oBljZv__Q,UgyM3z8_Cej7DjqBnLZ4AaABAg,"AI seperti pisau , bisa merugikan bisa menguntungkan seperti Sosial media, google dll...tinggal bagai mana manusia beradaptasi..dengan perkembangan yang semakin maju",1,0,"Davyn Sudirdjo, Anak Indonesia Pencipta AI Untuk Pendidikan | Helmy Yahya Bicara",2023,7
UCNDDWKIiY561onKZB0g59Iw,Ugx5uXqYCrCAwstHecJ4AaABAg,Luar biasa dan guru bahasa Inggris akan segera digantikan oleh AI ini. Guru akan pensiun dini dan digantikan oleh teknologi. dan universitas jurusan pendidikan akan tutup.,1,0,"Davyn Sudirdjo, Anak Indonesia Pencipta AI Untuk Pendidikan | Helmy Yahya Bicara",2023,7
UCf5xxo2ZbLodlrfDYpf1g3A,UgyG-zDHc0OD3bOJHzl4AaABAg,"Menurut saya kalau soal AI yang paling dasar untuk segera di galakkan adalah AI di bidang pemerintahan. Karena banyak tugas2 di pemerintah yg tampaknya lebih efektif jika diselesaikan oleh AI. Dan jika pemerintah sudah terbiasa dengan AI maka penggalakkan ke bawahnya pun saya rasa akan lebih mudah. Sebuah inovasi jika diawali dari bawah, syulit....",19,2,"Davyn Sudirdjo, Anak Indonesia Pencipta AI Untuk Pendidikan | Helmy Yahya Bicara",2023,7
UC8j26HJQqo8tqEsLkK-SWqA,UgxVFYPp9Pf5kfEjJd94AaABAg,"Wow, keren banget sih ini.. mikirinnya udah bagaimana mencerdaskan siswa2 Indonesia pakai AI.. bravo Davyn 👍👍",47,0,"Davyn Sudirdjo, Anak Indonesia Pencipta AI Untuk Pendidikan | Helmy Yahya Bicara",2023,7
UCS2FPcQGj-u9Viu2vg_yC4w,UgzHtf5lk157hvSt3YV4AaABAg,"AI seharusnya membuat guru menjadi lebih smart, dan guru yg smart menularkan ilmunya ke murid. Jangan malah guru2 pakai gadget dan internet buat story ig dan tiktok-an, lalu hal seperti itu dicontoh oleh muridnya. Ga heran klo SDM Indonesia makin lama makin hancur. Kemajuan teknologi, ambil manfaat baiknya, dan gunakan untuk memajukan SDM. Jangan malah menjadi ketakutan, dan lalu malah yg dipakai hal2 buruknya.",0,0,AI Bisa Gantikan Guru?,2025,6
UCE8mZE_8ChelS3zZvu9lEAg,UgzWSago0AIFN47ZR6t4AaABAg,"Sbg sumber pengetahuan AI bisa saja menggantikan posisi guru.Tetapi dlm hal "" Character Building and Human Emotional Relation "" ( CB & HER ) peran guru tentu tak dpt digantikan ...",0,0,AI Bisa Gantikan Guru?,2025,6
UCSgwvajUxHllxIqzWk6n6uw,UgwAncvv4TkEmz6qWuV4AaABAg,"Menurut saya AI nggak akan pernah menggantikan bidang apapun, yang bisa menggantikan kita adalah orang lain yang lebih efisien karena pake AI",2,0,AI Bisa Gantikan Guru?,2025,6
UCbT5urp6BTZO3LzJgrjX0TA,Ugzcl0OdXTTB1d1zHnR4AaABAg,Saya pengguna AI .. setelah dijalani ternyata AI tidak sepenuhnya bisa menggantikan apapun ... AI tetap ada kekurangan ada kesalahan yg bisa dikoreksi oleh orang yg mengetahui,6,1,AI Bisa Gantikan Guru?,2025,6
UCgyBkJ746Ztb8zMvK3dfG5w,UgxlYpTjvRz5NMZp0zt4AaABAg,"Jadikan konsep pendidikan Ki Hajar Dewantata, sebagai dasar pembekalan diri. Secanggih apa pun teknologi sampai saat ini, mesin tetaplah mesin yang hanya menyimpan data dan kemudian memberikan akses ke data yang diminta. Tapi belum mampu memberikan cinta (perasaan welas asih). Entah kalau di masa depan, manusia bisa mengekstrak ke""ABSTRAK""an (kinerja) Tuhan dalam mengatur semesta.",1,0,AI Bisa Gantikan Guru?,2025,6
UCAcRNA1eqOZyYuxN1MhvDcg,Ugy4iGS29tYv9Q5sN5B4AaABAg,"Gimana mau mencetak siswa yg unggul, kalau gurunya aja tdk siap😂",0,0,Profesi Guru Paling Tidak Siap dengan Kehadiran AI | Beritasatu Special,2023,6
UCcYAtv3cTFx0CmRAvqIniXg,Ugx4_M55H04NunReNwh4AaABAg,Kedepannya generasi kita dilatih saja ntuk mengoperasikan AI...krn sumber kemudahan hidup notabene ada smua diaplikasi AI...😆,0,0,Profesi Guru Paling Tidak Siap dengan Kehadiran AI | Beritasatu Special,2023,6
UCGezKQtKcbMhbZ0UsEUpCTQ,Ugz7cSycmTVkeJWgX114AaABAg,Anak sy klok ngerjakn PR tanya google...sekrng tnya chatGPT,0,0,Profesi Guru Paling Tidak Siap dengan Kehadiran AI | Beritasatu Special,2023,6
UCGGnx9-4HDXHvAnH4NbQ_ow,UgxBY-WjtKGpBwbPDjd4AaABAg,AI adalah senjata yg diciptakan untuk menyingkirkan manusia itu sendiri!,0,0,Profesi Guru Paling Tidak Siap dengan Kehadiran AI | Beritasatu Special,2023,6
UC4xyTWxD-Vm9Gq-gZraOzFQ,UgxJ3HZKxnXT9-auMj54AaABAg,Karena itu manusia akan malas belajar tergantung dg AI dan ujungnya manusia dibodoh bodohi oleh AI,0,0,Profesi Guru Paling Tidak Siap dengan Kehadiran AI | Beritasatu Special,2023,6
UC2EVdYdEBCHOHuH4zVy-JCQ,UgxObfkhkmnLAKTi3dF4AaABAg,Naaah ini dia GURU HARUS BELJAR IT yaaa dengan tehnologi IT semua kerjaaan guru jadi MUDAH dan memudahkan kerja dan pekerjaan guru2 .... Kok pada demo...??? Hhhaaq gaptek,0,0,Profesi Guru Paling Tidak Siap dengan Kehadiran AI | Beritasatu Special,2023,6
UCEe23nldsQYYRYgQJHqJIcg,Ugw0wsEas9c0Nx8Kknp4AaABAg,"Saya guru matematika di smp, faktanya dalam 1 kelas sebanyak 30 orang hanya ada kurang lebih 20 % saja yang bisa faham materi matematika yang dijelaskan. Dan hanya 10 % saja yg bisa belajar sendiri. Jadi masih diperlukan guru matematika meskipun ada AI",4,0,Profesi Guru Paling Tidak Siap dengan Kehadiran AI | Beritasatu Special,2023,6
UCN017bHQMVGxSPs7SzMmmkQ,Ugw0LyQX4-xR7O0cJyx4AaABAg,"Inget nih kata2 saya. ""Salah satu kunci untuk lolos dari zaman peralihan AI adalah beralih dari mindset buruh menjadi mindset operator."" Sebenernya hal2 mirip ini udh terjadi sejak di era peralihan zaman komputer, internet, IoT. Karena ujung2nya, teknologi dibuat untuk mempermudah manusia. Tinggal kitanya, bisa gak meng-operatorkan teknologi tsb..",1,0,Profesi Guru Paling Tidak Siap dengan Kehadiran AI | Beritasatu Special,2023,6
UCZ8m-k0HUSDGJP_OHP_SVRA,UgyXcvuM-lqc_S9K8w54AaABAg,"Halah2, adek saya lebih jago belajar dari Duolingo drpda dri sekolah kok. Lxp itu AI yg bsa disrupsi pendidikan loh",0,0,Profesi Guru Paling Tidak Siap dengan Kehadiran AI | Beritasatu Special,2023,6
UCbjkynUc5M-3F6QZZFA4jWA,Ugz1lIK_Jq5Zxw4TsMZ4AaABAg,"Prediksi kedepan soal AI: 1. Mempermudah pekerjaan manusia karena pekerja bisa memanfaatkannya. 2. Mengurangi pekerjaan manusia karena perusahaan mulai memanfaatkannya 3. Manusia yang tersingkir karena AI akan jobless dan tidak pegang banyak uang. 4. Perusahaan yang tadinya berpikir dengan AI bisa menghemat biaya karyawan akan menghadapi problem daya beli konsumen yang menurun, karena yang jobless bertambah. Kemungkinan besar Indonesia akan kaget menghadapinya jika regulasinya soal AI telat dilakukan.",16,0,Profesi Guru Paling Tidak Siap dengan Kehadiran AI | Beritasatu Special,2023,6
UCL3oU1FegxxgFFAg4UvjTrg,UgxfaG9EPRixQynZymd4AaABAg,Justeru Guru merasa terbantu dengan adanya AI karena lebih cepat menyampaikan Ilmu !,2,0,Profesi Guru Paling Tidak Siap dengan Kehadiran AI | Beritasatu Special,2023,6
UCN4DnBN5izdd3Sat7GZaCDA,UgzHKceshs8s6UGZ6Bx4AaABAg,"Saya kurang sependapat dg anda,,,karena pendidikan hanya 'dibantu"" oleh alat,,,bukan diperalat",0,0,Profesi Guru Paling Tidak Siap dengan Kehadiran AI | Beritasatu Special,2023,6
UCZB3MMQhF-9mOS3dkC6lbOg,Ugzw8Ij9FSNAPFLVcEd4AaABAg,Ayo teman-teman yang jurusan ilmu komputer semangat! Kalian adalah calon-calon doktor yang bisa mengisi kekosongan itu,5,0,Profesi Guru Paling Tidak Siap dengan Kehadiran AI | Beritasatu Special,2023,6
UCRU9NIOX2Rx1aGPJTmg45LA,UgxzC-4J3idblAODJHx4AaABAg,"Dibilang bodoh g masalah dah....😂 Anak sekarang itu rasional dan cerdas2, mereka belajar sesuai preferensi dan kebutuhan masing-masing, kalau mereka rasa apa yg diajarkan disekolah saat ini gak begitu relevan dan dibutuhkan bagi mereka, ya buat apa mereka susah mempelajarinya. Toh dengan pakai AI, saat mereka butuh semua beres. Jadi, saya kira yg terpenting itu pendidikan karakter, agama dan tinggal pinter2 aja menggunakan AI... Kecerdasan manusia tidak hanya berkutat masalah intelektual saja",1,1,Profesi Guru Paling Tidak Siap dengan Kehadiran AI | Beritasatu Special,2023,6
UCL1vx8oB4awYmSBq4uC9-4A,Ugxu7kYrpIO9Kd1-FTp4AaABAg,"betul bang..saya kewalahan, mhsiswa pada pakai AI utk paper mereka... Mahasiswa disuruh presentasi saja baca HP persis spt anak SD...sudah tak suruh berkali2 jangan baca, bolh smbil lht sesekali,,. ternyata ttp hamsyong...",1,1,Profesi Guru Paling Tidak Siap dengan Kehadiran AI | Beritasatu Special,2023,6
UC1Pz_ZFY5vaaaITs2BvMY0A,UgyPX7OUFVF5j65kG814AaABAg,"jika guru2 hanya mengajar ilmu pengetahuan, mereka akan tergilas oleh AI guru harus mengajar adab",4,0,Profesi Guru Paling Tidak Siap dengan Kehadiran AI | Beritasatu Special,2023,6
UCH5z5OQaVat1ou0V-KgSfXA,Ugz9aU1GbBs58xo2Lgh4AaABAg,Menurut saya malah mempermudah kerjaan Guru..misal ada anak didik nanya tinggal jawab coba tanya AI,0,0,Profesi Guru Paling Tidak Siap dengan Kehadiran AI | Beritasatu Special,2023,6
UCXDpzX1Si6YlDZ0U5KeIRLA,UgymxXdOtsyNukrgr9J4AaABAg,"Jngan skeptis dong, bahkn guru bnyak terbantu dg munculnya AI.",1,0,Profesi Guru Paling Tidak Siap dengan Kehadiran AI | Beritasatu Special,2023,6
UC2yIXek0Z-7vbt0SWGSdO2A,UgwqPDRgdbmg98HUWH54AaABAg,Ada kabar kalau AI lulus ujian kedokteran. Itu pertanda baik untuk pelayanan kesehatan di Indonesia. Sehingga tidak diperlukan dokter sok sok an di puskesmas.,1,2,Profesi Guru Paling Tidak Siap dengan Kehadiran AI | Beritasatu Special,2023,6
UCIINmJNZ2mV1gObFsfZyYOw,Ugw5H1pSgoyoTTrCR494AaABAg,"Ai jangan di haramkan atau dilarang, tapi di manfatkan sebaik mungkin untuk kependidikan, dengan ai semua orang bisa jadi programmer level beginner. Prompt sederhana bisa memunculkan hasil yang berbeda. Jika dipakai secara benar ai bisa memudahkan guru dalam membaca data kelas, kemajuan siswa, dan memberj beberapa solusi dari hasil analisis untuk take action di kelas",10,1,Profesi Guru Paling Tidak Siap dengan Kehadiran AI | Beritasatu Special,2023,6
UCydxN9Wmk2lcnwMb8X6DluQ,UgxUyKWbEI_b59iDTpR4AaABAg,"Tugas guru bukan hanya sekedar untuk transfer knowledge, tapi juga mendidik karakter, budi pekerti (akhlakul karimah), tata krama, sosialisasi yang tidak bisa dibentuk dari AI",41,17,Profesi Guru Paling Tidak Siap dengan Kehadiran AI | Beritasatu Special,2023,6